pid,DV,system,mean_rating
1,Appropriateness,Earcon,4.0
10,Appropriateness,Earcon,4.5
11,Appropriateness,Earcon,4.25
12,Appropriateness,Earcon,3.5
13,Appropriateness,Earcon,4.75
14,Appropriateness,Earcon,4.5
15,Appropriateness,Earcon,5.25
16,Appropriateness,Earcon,3.75
17,Appropriateness,Earcon,4.5
18,Appropriateness,Earcon,3.75
19,Appropriateness,Earcon,2.75
2,Appropriateness,Earcon,6.25
20,Appropriateness,Earcon,5.25
22,Appropriateness,Earcon,4.75
23,Appropriateness,Earcon,4.75
25,Appropriateness,Earcon,4.0
26,Appropriateness,Earcon,4.75
27,Appropriateness,Earcon,3.25
3,Appropriateness,Earcon,6.0
5,Appropriateness,Earcon,5.25
6,Appropriateness,Earcon,4.25
8,Appropriateness,Earcon,5.5
Julius,Appropriateness,Earcon,3.75
1,Appropriateness,Speech,3.25
10,Appropriateness,Speech,2.5
11,Appropriateness,Speech,4.0
12,Appropriateness,Speech,3.25
13,Appropriateness,Speech,3.25
14,Appropriateness,Speech,3.5
15,Appropriateness,Speech,4.0
16,Appropriateness,Speech,3.75
17,Appropriateness,Speech,3.0
18,Appropriateness,Speech,5.25
19,Appropriateness,Speech,2.75
2,Appropriateness,Speech,3.75
20,Appropriateness,Speech,3.75
22,Appropriateness,Speech,4.25
23,Appropriateness,Speech,3.5
25,Appropriateness,Speech,3.75
26,Appropriateness,Speech,4.0
27,Appropriateness,Speech,4.5
3,Appropriateness,Speech,3.0
5,Appropriateness,Speech,4.0
6,Appropriateness,Speech,4.25
8,Appropriateness,Speech,3.5
Julius,Appropriateness,Speech,3.25
1,Appropriateness,SonoAdapt,6.5
10,Appropriateness,SonoAdapt,6.25
11,Appropriateness,SonoAdapt,5.5
12,Appropriateness,SonoAdapt,6.5
13,Appropriateness,SonoAdapt,5.25
14,Appropriateness,SonoAdapt,6.5
15,Appropriateness,SonoAdapt,5.75
16,Appropriateness,SonoAdapt,4.5
17,Appropriateness,SonoAdapt,5.75
18,Appropriateness,SonoAdapt,5.0
19,Appropriateness,SonoAdapt,5.75
2,Appropriateness,SonoAdapt,6.0
20,Appropriateness,SonoAdapt,6.5
22,Appropriateness,SonoAdapt,6.25
23,Appropriateness,SonoAdapt,6.25
25,Appropriateness,SonoAdapt,6.0
26,Appropriateness,SonoAdapt,6.75
27,Appropriateness,SonoAdapt,4.5
3,Appropriateness,SonoAdapt,5.25
5,Appropriateness,SonoAdapt,6.25
6,Appropriateness,SonoAdapt,5.25
8,Appropriateness,SonoAdapt,5.75
Julius,Appropriateness,SonoAdapt,5.75
1,SocialAcceptability,Earcon,3.5
10,SocialAcceptability,Earcon,6.0
11,SocialAcceptability,Earcon,6.0
12,SocialAcceptability,Earcon,4.75
13,SocialAcceptability,Earcon,5.0
14,SocialAcceptability,Earcon,6.5
15,SocialAcceptability,Earcon,5.25
16,SocialAcceptability,Earcon,3.75
17,SocialAcceptability,Earcon,4.0
18,SocialAcceptability,Earcon,3.5
19,SocialAcceptability,Earcon,5.25
2,SocialAcceptability,Earcon,6.75
20,SocialAcceptability,Earcon,5.0
22,SocialAcceptability,Earcon,4.5
23,SocialAcceptability,Earcon,5.0
25,SocialAcceptability,Earcon,4.25
26,SocialAcceptability,Earcon,5.0
27,SocialAcceptability,Earcon,4.25
3,SocialAcceptability,Earcon,6.0
5,SocialAcceptability,Earcon,6.0
6,SocialAcceptability,Earcon,5.5
8,SocialAcceptability,Earcon,5.25
Julius,SocialAcceptability,Earcon,4.25
1,SocialAcceptability,Speech,3.5
10,SocialAcceptability,Speech,3.25
11,SocialAcceptability,Speech,4.75
12,SocialAcceptability,Speech,3.5
13,SocialAcceptability,Speech,3.5
14,SocialAcceptability,Speech,3.75
15,SocialAcceptability,Speech,5.0
16,SocialAcceptability,Speech,3.75
17,SocialAcceptability,Speech,3.0
18,SocialAcceptability,Speech,4.5
19,SocialAcceptability,Speech,5.25
2,SocialAcceptability,Speech,4.5
20,SocialAcceptability,Speech,4.0
22,SocialAcceptability,Speech,4.0
23,SocialAcceptability,Speech,4.0
25,SocialAcceptability,Speech,3.75
26,SocialAcceptability,Speech,4.5
27,SocialAcceptability,Speech,5.0
3,SocialAcceptability,Speech,3.75
5,SocialAcceptability,Speech,4.25
6,SocialAcceptability,Speech,4.0
8,SocialAcceptability,Speech,3.5
Julius,SocialAcceptability,Speech,3.25
1,SocialAcceptability,SonoAdapt,6.75
10,SocialAcceptability,SonoAdapt,6.25
11,SocialAcceptability,SonoAdapt,6.25
12,SocialAcceptability,SonoAdapt,6.0
13,SocialAcceptability,SonoAdapt,5.5
14,SocialAcceptability,SonoAdapt,6.75
15,SocialAcceptability,SonoAdapt,6.5
16,SocialAcceptability,SonoAdapt,5.75
17,SocialAcceptability,SonoAdapt,4.5
18,SocialAcceptability,SonoAdapt,6.25
19,SocialAcceptability,SonoAdapt,5.75
2,SocialAcceptability,SonoAdapt,6.5
20,SocialAcceptability,SonoAdapt,6.75
22,SocialAcceptability,SonoAdapt,6.5
23,SocialAcceptability,SonoAdapt,6.0
25,SocialAcceptability,SonoAdapt,7.0
26,SocialAcceptability,SonoAdapt,6.5
27,SocialAcceptability,SonoAdapt,5.0
3,SocialAcceptability,SonoAdapt,6.0
5,SocialAcceptability,SonoAdapt,6.25
6,SocialAcceptability,SonoAdapt,6.5
8,SocialAcceptability,SonoAdapt,5.75
Julius,SocialAcceptability,SonoAdapt,5.5
1,Detectability,Earcon,7.0
10,Detectability,Earcon,4.0
11,Detectability,Earcon,7.0
12,Detectability,Earcon,6.0
13,Detectability,Earcon,7.0
14,Detectability,Earcon,6.5
15,Detectability,Earcon,6.0
16,Detectability,Earcon,6.0
17,Detectability,Earcon,5.5
18,Detectability,Earcon,5.0
19,Detectability,Earcon,6.5
2,Detectability,Earcon,7.0
20,Detectability,Earcon,7.0
22,Detectability,Earcon,6.0
23,Detectability,Earcon,5.5
25,Detectability,Earcon,4.0
26,Detectability,Earcon,7.0
27,Detectability,Earcon,3.0
3,Detectability,Earcon,6.0
5,Detectability,Earcon,6.0
6,Detectability,Earcon,6.0
8,Detectability,Earcon,6.5
Julius,Detectability,Earcon,6.5
1,Detectability,Speech,7.0
10,Detectability,Speech,4.0
11,Detectability,Speech,7.0
12,Detectability,Speech,6.0
13,Detectability,Speech,7.0
14,Detectability,Speech,7.0
15,Detectability,Speech,6.0
16,Detectability,Speech,7.0
17,Detectability,Speech,6.0
18,Detectability,Speech,6.0
19,Detectability,Speech,6.5
2,Detectability,Speech,4.0
20,Detectability,Speech,6.5
22,Detectability,Speech,7.0
23,Detectability,Speech,6.0
25,Detectability,Speech,7.0
26,Detectability,Speech,7.0
27,Detectability,Speech,7.0
3,Detectability,Speech,7.0
5,Detectability,Speech,7.0
6,Detectability,Speech,6.5
8,Detectability,Speech,7.0
Julius,Detectability,Speech,6.0
1,Detectability,SonoAdapt,6.5
10,Detectability,SonoAdapt,6.5
11,Detectability,SonoAdapt,7.0
12,Detectability,SonoAdapt,6.5
13,Detectability,SonoAdapt,7.0
14,Detectability,SonoAdapt,6.5
15,Detectability,SonoAdapt,6.0
16,Detectability,SonoAdapt,6.0
17,Detectability,SonoAdapt,6.0
18,Detectability,SonoAdapt,6.0
19,Detectability,SonoAdapt,6.0
2,Detectability,SonoAdapt,7.0
20,Detectability,SonoAdapt,7.0
22,Detectability,SonoAdapt,6.0
23,Detectability,SonoAdapt,6.0
25,Detectability,SonoAdapt,5.5
26,Detectability,SonoAdapt,7.0
27,Detectability,SonoAdapt,5.0
3,Detectability,SonoAdapt,6.5
5,Detectability,SonoAdapt,7.0
6,Detectability,SonoAdapt,5.5
8,Detectability,SonoAdapt,6.5
Julius,Detectability,SonoAdapt,6.5
1,Disruptiveness,Earcon,4.25
10,Disruptiveness,Earcon,3.0
11,Disruptiveness,Earcon,4.0
12,Disruptiveness,Earcon,5.75
13,Disruptiveness,Earcon,5.0
14,Disruptiveness,Earcon,2.0
15,Disruptiveness,Earcon,2.0
16,Disruptiveness,Earcon,4.25
17,Disruptiveness,Earcon,5.25
18,Disruptiveness,Earcon,2.25
19,Disruptiveness,Earcon,4.0
2,Disruptiveness,Earcon,3.0
20,Disruptiveness,Earcon,2.0
22,Disruptiveness,Earcon,2.75
23,Disruptiveness,Earcon,3.25
25,Disruptiveness,Earcon,3.5
26,Disruptiveness,Earcon,3.0
27,Disruptiveness,Earcon,2.5
3,Disruptiveness,Earcon,2.25
5,Disruptiveness,Earcon,3.25
6,Disruptiveness,Earcon,3.75
8,Disruptiveness,Earcon,4.75
Julius,Disruptiveness,Earcon,5.0
1,Disruptiveness,Speech,6.5
10,Disruptiveness,Speech,6.0
11,Disruptiveness,Speech,7.0
12,Disruptiveness,Speech,6.5
13,Disruptiveness,Speech,6.25
14,Disruptiveness,Speech,6.25
15,Disruptiveness,Speech,2.75
16,Disruptiveness,Speech,5.25
17,Disruptiveness,Speech,6.25
18,Disruptiveness,Speech,5.25
19,Disruptiveness,Speech,5.5
2,Disruptiveness,Speech,5.75
20,Disruptiveness,Speech,6.0
22,Disruptiveness,Speech,5.0
23,Disruptiveness,Speech,4.75
25,Disruptiveness,Speech,5.75
26,Disruptiveness,Speech,5.25
27,Disruptiveness,Speech,4.25
3,Disruptiveness,Speech,4.5
5,Disruptiveness,Speech,6.25
6,Disruptiveness,Speech,5.75
8,Disruptiveness,Speech,6.5
Julius,Disruptiveness,Speech,6.0
1,Disruptiveness,SonoAdapt,3.0
10,Disruptiveness,SonoAdapt,1.5
11,Disruptiveness,SonoAdapt,3.25
12,Disruptiveness,SonoAdapt,3.25
13,Disruptiveness,SonoAdapt,3.25
14,Disruptiveness,SonoAdapt,2.5
15,Disruptiveness,SonoAdapt,1.75
16,Disruptiveness,SonoAdapt,3.0
17,Disruptiveness,SonoAdapt,3.5
18,Disruptiveness,SonoAdapt,2.5
19,Disruptiveness,SonoAdapt,1.75
2,Disruptiveness,SonoAdapt,3.25
20,Disruptiveness,SonoAdapt,1.75
22,Disruptiveness,SonoAdapt,2.25
23,Disruptiveness,SonoAdapt,3.0
25,Disruptiveness,SonoAdapt,3.25
26,Disruptiveness,SonoAdapt,2.25
27,Disruptiveness,SonoAdapt,1.75
3,Disruptiveness,SonoAdapt,3.0
5,Disruptiveness,SonoAdapt,3.25
6,Disruptiveness,SonoAdapt,1.25
8,Disruptiveness,SonoAdapt,3.25
Julius,Disruptiveness,SonoAdapt,3.25
