pid,participant,trial,code,scenario,system,urgency,message,Appropriateness,Detectability,Disruptiveness,SocialAcceptability
1,Robert,1,IEL1,Interview,Earcon,Low,L1,3,7.0,3,4
1,Robert,2,IEH4,Interview,Earcon,High,H4,6,7.0,3,3
1,Robert,3,IXH3,Interview,SonoAdapt,High,H3,5,6.0,3,6
1,Robert,4,ISL2,Interview,Speech,Low,L2,1,7.0,7,2
1,Robert,5,IXL6,Interview,SonoAdapt,Low,L6,7,,1,7
1,Robert,6,ISH5,Interview,Speech,High,H5,3,7.0,5,3
1,Robert,7,MSH2,Math,Speech,High,H2,7,7.0,7,7
1,Robert,8,MXL4,Math,SonoAdapt,Low,L4,7,,1,7
1,Robert,9,MSL5,Math,Speech,Low,L5,2,7.0,7,2
1,Robert,10,MXH1,Math,SonoAdapt,High,H1,7,7.0,7,7
1,Robert,11,MEH6,Math,Earcon,High,H6,5,7.0,5,5
1,Robert,12,MEL3,Math,Earcon,Low,L3,2,7.0,6,2
2,Julian,1,MEH1,Math,Earcon,High,H1,6,7.0,3,7
2,Julian,2,MSL6,Math,Speech,Low,L6,2,7.0,5,6
2,Julian,3,MEL4,Math,Earcon,Low,L4,7,7.0,2,7
2,Julian,4,MSH3,Math,Speech,High,H3,6,7.0,5,6
2,Julian,5,MXH2,Math,SonoAdapt,High,H2,7,7.0,6,7
2,Julian,6,MXL5,Math,SonoAdapt,Low,L5,7,,1,7
2,Julian,7,IXL1,Interview,SonoAdapt,Low,L1,3,,1,7
2,Julian,8,IXH4,Interview,SonoAdapt,High,H4,7,7.0,5,5
2,Julian,9,ISH6,Interview,Speech,High,H6,5,1.0,7,4
2,Julian,10,IEL2,Interview,Earcon,Low,L2,6,7.0,3,7
2,Julian,11,ISL3,Interview,Speech,Low,L3,2,1.0,6,2
2,Julian,12,IEH5,Interview,Earcon,High,H5,6,7.0,4,6
3,Esha,1,ISL4,Interview,Speech,Low,L4,2,7.0,6,2
3,Esha,2,ISH1,Interview,Speech,High,H1,5,7.0,5,5
3,Esha,3,IEH6,Interview,Earcon,High,H6,6,6.0,2,6
3,Esha,4,IXL2,Interview,SonoAdapt,Low,L2,5,,1,7
3,Esha,5,IEL3,Interview,Earcon,Low,L3,6,6.0,2,6
3,Esha,6,IXH5,Interview,SonoAdapt,High,H5,6,6.0,3,6
3,Esha,7,MXH3,Math,SonoAdapt,High,H3,5,7.0,7,5
3,Esha,8,MEL5,Math,Earcon,Low,L5,6,7.0,3,6
3,Esha,9,MXL6,Math,SonoAdapt,Low,L6,5,,1,6
3,Esha,10,MEH2,Math,Earcon,High,H2,6,6.0,2,6
3,Esha,11,MSH4,Math,Speech,High,H4,3,7.0,5,5
3,Esha,12,MSL1,Math,Speech,Low,L1,2,6.0,2,3
5,Stefanie,1,IXL4,Interview,SonoAdapt,Low,L4,7,,1,7
5,Stefanie,2,IXH1,Interview,SonoAdapt,High,H1,6,7.0,5,6
5,Stefanie,3,ISH3,Interview,Speech,High,H3,5,7.0,6,5
5,Stefanie,4,IEL5,Interview,Earcon,Low,L5,6,6.0,2,6
5,Stefanie,5,ISL6,Interview,Speech,Low,L6,3,7.0,6,3
5,Stefanie,6,IEH2,Interview,Earcon,High,H2,6,6.0,2,6
5,Stefanie,7,MEH4,Math,Earcon,High,H4,6,6.0,4,6
5,Stefanie,8,MSL3,Math,Speech,Low,L3,2,7.0,6,3
5,Stefanie,9,MEL1,Math,Earcon,Low,L1,3,6.0,5,6
5,Stefanie,10,MSH6,Math,Speech,High,H6,6,7.0,7,6
5,Stefanie,11,MXH5,Math,SonoAdapt,High,H5,5,7.0,6,5
5,Stefanie,12,MXL2,Math,SonoAdapt,Low,L2,7,,1,7
6,Evangelos,1,MXH6,Math,SonoAdapt,High,H6,6,6.0,2,5
6,Evangelos,2,MEL2,Math,Earcon,Low,L2,6,2.0,6,7
6,Evangelos,3,MXL3,Math,SonoAdapt,Low,L3,7,,1,7
6,Evangelos,4,MEH5,Math,Earcon,High,H5,6,6.0,2,7
6,Evangelos,5,MSH1,Math,Speech,High,H1,7,7.0,4,6
6,Evangelos,6,MSL4,Math,Speech,Low,L4,3,7.0,6,3
6,Evangelos,7,ISL1,Interview,Speech,Low,L1,2,6.0,7,2
6,Evangelos,8,ISH4,Interview,Speech,High,H4,5,6.0,6,5
6,Evangelos,9,IEH3,Interview,Earcon,High,H3,3,6.0,1,6
6,Evangelos,10,IXL5,Interview,SonoAdapt,Low,L5,7,,1,7
6,Evangelos,11,IEL6,Interview,Earcon,Low,L6,2,6.0,6,2
6,Evangelos,12,IXH2,Interview,SonoAdapt,High,H2,1,5.0,1,7
8,Oksana,1,MEH2,Math,Earcon,High,H2,7,6.0,5,7
8,Oksana,2,MSL1,Math,Speech,Low,L1,2,7.0,7,2
8,Oksana,3,MEL5,Math,Earcon,Low,L5,5,7.0,5,5
8,Oksana,4,MSH4,Math,Speech,High,H4,5,7.0,5,5
8,Oksana,5,MXH3,Math,SonoAdapt,High,H3,6,7.0,6,6
8,Oksana,6,MXL6,Math,SonoAdapt,Low,L6,7,,1,7
8,Oksana,7,IXL2,Interview,SonoAdapt,Low,L2,7,,1,7
8,Oksana,8,IXH5,Interview,SonoAdapt,High,H5,3,6.0,5,3
8,Oksana,9,ISH1,Interview,Speech,High,H1,6,7.0,7,5
8,Oksana,10,IEL3,Interview,Earcon,Low,L3,4,7.0,4,3
8,Oksana,11,ISL4,Interview,Speech,Low,L4,1,7.0,7,2
8,Oksana,12,IEH6,Interview,Earcon,High,H6,6,7.0,5,6
10,Petrova,1,MSH6,Math,Speech,High,H6,3,6.0,5,3
10,Petrova,2,MXL2,Math,SonoAdapt,Low,L2,6,,1,7
10,Petrova,3,MSL3,Math,Speech,Low,L3,1,6.0,6,2
10,Petrova,4,MXH5,Math,SonoAdapt,High,H5,6,7.0,2,5
10,Petrova,5,MEH4,Math,Earcon,High,H4,6,2.0,3,5
10,Petrova,6,MEL1,Math,Earcon,Low,L1,6,6.0,2,6
10,Petrova,7,IEL5,Interview,Earcon,Low,L5,5,5.0,3,6
10,Petrova,8,IEH2,Interview,Earcon,High,H2,1,6.0,4,7
10,Petrova,9,IXH1,Interview,SonoAdapt,High,H1,6,6.0,2,6
10,Petrova,10,ISL6,Interview,Speech,Low,L6,1,6.0,7,2
10,Petrova,11,IXL4,Interview,SonoAdapt,Low,L4,7,,1,7
10,Petrova,12,ISH3,Interview,Speech,High,H3,5,2.0,6,6
11,Yannick,1,IXL5,Interview,SonoAdapt,Low,L5,6,,1,7
11,Yannick,2,IXH2,Interview,SonoAdapt,High,H2,2,7.0,5,5
11,Yannick,3,ISH4,Interview,Speech,High,H4,5,7.0,7,3
11,Yannick,4,IEL6,Interview,Earcon,Low,L6,4,7.0,4,4
11,Yannick,5,ISL1,Interview,Speech,Low,L1,2,7.0,7,2
11,Yannick,6,IEH3,Interview,Earcon,High,H3,5,7.0,4,6
11,Yannick,7,MEH5,Math,Earcon,High,H5,6,7.0,4,7
11,Yannick,8,MSL4,Math,Speech,Low,L4,2,7.0,7,7
11,Yannick,9,MEL2,Math,Earcon,Low,L2,2,7.0,4,7
11,Yannick,10,MSH1,Math,Speech,High,H1,7,7.0,7,7
11,Yannick,11,MXH6,Math,SonoAdapt,High,H6,7,7.0,6,7
11,Yannick,12,MXL3,Math,SonoAdapt,Low,L3,7,,1,6
12,Ecesu,1,MXH1,Math,SonoAdapt,High,H1,6,7.0,5,5
12,Ecesu,2,MEL3,Math,Earcon,Low,L3,3,7.0,6,6
12,Ecesu,3,MXL4,Math,SonoAdapt,Low,L4,7,,1,7
12,Ecesu,4,MEH6,Math,Earcon,High,H6,3,6.0,6,4
12,Ecesu,5,MSH2,Math,Speech,High,H2,7,7.0,5,6
12,Ecesu,6,MSL5,Math,Speech,Low,L5,2,7.0,7,2
12,Ecesu,7,ISL2,Interview,Speech,Low,L2,1,5.0,7,2
12,Ecesu,8,ISH5,Interview,Speech,High,H5,3,5.0,7,4
12,Ecesu,9,IEH4,Interview,Earcon,High,H4,6,6.0,5,6
12,Ecesu,10,IXL6,Interview,SonoAdapt,Low,L6,7,,1,7
12,Ecesu,11,IEL1,Interview,Earcon,Low,L1,2,6.0,6,3
12,Ecesu,12,IXH3,Interview,SonoAdapt,High,H3,6,6.0,6,5
13,Delia,1,IEL3,Interview,Earcon,Low,L3,3,7.0,5,3
13,Delia,2,IEH6,Interview,Earcon,High,H6,6,7.0,4,5
13,Delia,3,IXH5,Interview,SonoAdapt,High,H5,5,7.0,4,4
13,Delia,4,ISL4,Interview,Speech,Low,L4,1,7.0,6,2
13,Delia,5,IXL2,Interview,SonoAdapt,Low,L2,4,,1,7
13,Delia,6,ISH1,Interview,Speech,High,H1,5,7.0,7,3
13,Delia,7,MSH4,Math,Speech,High,H4,5,7.0,7,5
13,Delia,8,MXL6,Math,SonoAdapt,Low,L6,7,,1,7
13,Delia,9,MSL1,Math,Speech,Low,L1,2,7.0,5,4
13,Delia,10,MXH3,Math,SonoAdapt,High,H3,5,7.0,7,4
13,Delia,11,MEH2,Math,Earcon,High,H2,7,7.0,5,7
13,Delia,12,MEL5,Math,Earcon,Low,L5,3,7.0,6,5
14,Roxana,1,MEH3,Math,Earcon,High,H3,2,6.0,2,6
14,Roxana,2,MSL2,Math,Speech,Low,L2,1,7.0,6,2
14,Roxana,3,MEL6,Math,Earcon,Low,L6,7,7.0,2,6
14,Roxana,4,MSH5,Math,Speech,High,H5,6,7.0,6,6
14,Roxana,5,MXH4,Math,SonoAdapt,High,H4,6,6.0,6,6
14,Roxana,6,MXL1,Math,SonoAdapt,Low,L1,7,,1,7
14,Roxana,7,IXL3,Interview,SonoAdapt,Low,L3,7,,1,7
14,Roxana,8,IXH6,Interview,SonoAdapt,High,H6,6,7.0,2,7
14,Roxana,9,ISH2,Interview,Speech,High,H2,6,7.0,6,6
14,Roxana,10,IEL4,Interview,Earcon,Low,L4,7,7.0,2,7
14,Roxana,11,ISL5,Interview,Speech,Low,L5,1,7.0,7,1
14,Roxana,12,IEH1,Interview,Earcon,High,H1,2,7.0,2,7
15,Cheng,1,ISL6,Interview,Speech,Low,L6,2,5.0,2,2
15,Cheng,2,ISH3,Interview,Speech,High,H3,6,6.0,4,5
15,Cheng,3,IEH2,Interview,Earcon,High,H2,7,6.0,1,7
15,Cheng,4,IXL4,Interview,SonoAdapt,Low,L4,6,,1,7
15,Cheng,5,IEL5,Interview,Earcon,Low,L5,2,6.0,2,3
15,Cheng,6,IXH1,Interview,SonoAdapt,High,H1,6,6.0,1,7
15,Cheng,7,MXH5,Math,SonoAdapt,High,H5,5,6.0,4,5
15,Cheng,8,MEL1,Math,Earcon,Low,L1,6,6.0,3,5
15,Cheng,9,MXL2,Math,SonoAdapt,Low,L2,6,,1,7
15,Cheng,10,MEH4,Math,Earcon,High,H4,6,6.0,2,6
15,Cheng,11,MSH6,Math,Speech,High,H6,6,6.0,2,6
15,Cheng,12,MSL3,Math,Speech,Low,L3,2,6.0,3,7
16,Hannah,1,MSH1,Math,Speech,High,H1,7,7.0,4,7
16,Hannah,2,MXL3,Math,SonoAdapt,Low,L3,4,,1,5
16,Hannah,3,MSL4,Math,Speech,Low,L4,3,7.0,5,3
16,Hannah,4,MXH6,Math,SonoAdapt,High,H6,5,7.0,6,5
16,Hannah,5,MEH5,Math,Earcon,High,H5,6,7.0,4,6
16,Hannah,6,MEL2,Math,Earcon,Low,L2,3,7.0,5,3
16,Hannah,7,IEL6,Interview,Earcon,Low,L6,3,6.0,4,3
16,Hannah,8,IEH3,Interview,Earcon,High,H3,3,5.0,4,3
16,Hannah,9,IXH2,Interview,SonoAdapt,High,H2,5,5.0,4,7
16,Hannah,10,ISL1,Interview,Speech,Low,L1,2,7.0,6,2
16,Hannah,11,IXL5,Interview,SonoAdapt,Low,L5,4,,1,6
16,Hannah,12,ISH4,Interview,Speech,High,H4,3,7.0,6,3
17,Jana,1,IXL6,Interview,SonoAdapt,Low,L6,6,,1,7
17,Jana,2,IXH3,Interview,SonoAdapt,High,H3,5,6.0,5,3
17,Jana,3,ISH5,Interview,Speech,High,H5,2,6.0,6,2
17,Jana,4,IEL1,Interview,Earcon,Low,L1,4,7.0,5,3
17,Jana,5,ISL2,Interview,Speech,Low,L2,2,6.0,6,2
17,Jana,6,IEH4,Interview,Earcon,High,H4,5,5.0,4,5
17,Jana,7,MEH6,Math,Earcon,High,H6,6,6.0,6,4
17,Jana,8,MSL5,Math,Speech,Low,L5,2,6.0,6,4
17,Jana,9,MEL3,Math,Earcon,Low,L3,3,6.0,6,4
17,Jana,10,MSH2,Math,Speech,High,H2,6,6.0,7,4
17,Jana,11,MXH1,Math,SonoAdapt,High,H1,6,6.0,7,4
17,Jana,12,MXL4,Math,SonoAdapt,Low,L4,6,,1,4
18,Stella,1,MXH2,Math,SonoAdapt,High,H2,3,6.0,4,7
18,Stella,2,MEL4,Math,Earcon,Low,L4,6,7.0,2,4
18,Stella,3,MXL5,Math,SonoAdapt,Low,L5,5,,1,6
18,Stella,4,MEH1,Math,Earcon,High,H1,2,5.0,3,2
18,Stella,5,MSH3,Math,Speech,High,H3,7,7.0,5,6
18,Stella,6,MSL6,Math,Speech,Low,L6,5,6.0,4,5
18,Stella,7,ISL3,Interview,Speech,Low,L3,3,7.0,6,2
18,Stella,8,ISH6,Interview,Speech,High,H6,6,5.0,6,5
18,Stella,9,IEH5,Interview,Earcon,High,H5,3,5.0,2,5
18,Stella,10,IXL1,Interview,SonoAdapt,Low,L1,7,,1,7
18,Stella,11,IEL2,Interview,Earcon,Low,L2,4,6.0,2,3
18,Stella,12,IXH4,Interview,SonoAdapt,High,H4,5,6.0,4,5
19,Pratham,1,IEL4,Interview,Earcon,Low,L4,1,7.0,5,2
19,Pratham,2,IEH1,Interview,Earcon,High,H1,2,7.0,5,5
19,Pratham,3,IXH6,Interview,SonoAdapt,High,H6,6,6.0,4,5
19,Pratham,4,ISL5,Interview,Speech,Low,L5,1,7.0,7,1
19,Pratham,5,IXL3,Interview,SonoAdapt,Low,L3,4,,1,4
19,Pratham,6,ISH2,Interview,Speech,High,H2,7,7.0,6,7
19,Pratham,7,MSH5,Math,Speech,High,H5,2,6.0,4,6
19,Pratham,8,MXL1,Math,SonoAdapt,Low,L1,7,,1,7
19,Pratham,9,MSL2,Math,Speech,Low,L2,1,7.0,5,7
19,Pratham,10,MXH4,Math,SonoAdapt,High,H4,6,6.0,1,7
19,Pratham,11,MEH3,Math,Earcon,High,H3,1,6.0,4,7
19,Pratham,12,MEL6,Math,Earcon,Low,L6,7,7.0,2,7
20,Roberto,1,MEH4,Math,Earcon,High,H4,5,7.0,3,7
20,Roberto,2,MSL3,Math,Speech,Low,L3,1,7.0,5,7
20,Roberto,3,MEL1,Math,Earcon,Low,L1,7,7.0,2,7
20,Roberto,4,MSH6,Math,Speech,High,H6,7,7.0,7,7
20,Roberto,5,MXH5,Math,SonoAdapt,High,H5,6,7.0,4,7
20,Roberto,6,MXL2,Math,SonoAdapt,Low,L2,7,,1,7
20,Roberto,7,IXL4,Interview,SonoAdapt,Low,L4,7,,1,7
20,Roberto,8,IXH1,Interview,SonoAdapt,High,H1,6,7.0,1,6
20,Roberto,9,ISH3,Interview,Speech,High,H3,5,6.0,6,1
20,Roberto,10,IEL5,Interview,Earcon,Low,L5,7,7.0,1,3
20,Roberto,11,ISL6,Interview,Speech,Low,L6,2,7.0,6,1
20,Roberto,12,IEH2,Interview,Earcon,High,H2,2,7.0,2,3
22,Marie,1,MSH2,Math,Speech,High,H2,7,7.0,3,6
22,Marie,2,MXL4,Math,SonoAdapt,Low,L4,6,,1,7
22,Marie,3,MSL5,Math,Speech,Low,L5,3,7.0,5,3
22,Marie,4,MXH1,Math,SonoAdapt,High,H1,6,7.0,5,6
22,Marie,5,MEH6,Math,Earcon,High,H6,5,6.0,2,6
22,Marie,6,MEL3,Math,Earcon,Low,L3,5,6.0,3,3
22,Marie,7,IEL1,Interview,Earcon,Low,L1,3,6.0,2,3
22,Marie,8,IEH4,Interview,Earcon,High,H4,6,6.0,4,6
22,Marie,9,IXH3,Interview,SonoAdapt,High,H3,6,5.0,2,6
22,Marie,10,ISL2,Interview,Speech,Low,L2,1,7.0,6,2
22,Marie,11,IXL6,Interview,SonoAdapt,Low,L6,7,,1,7
22,Marie,12,ISH5,Interview,Speech,High,H5,6,7.0,6,5
23,Florian,1,IXL1,Interview,SonoAdapt,Low,L1,7,,1,7
23,Florian,2,IXH4,Interview,SonoAdapt,High,H4,5,6.0,5,4
23,Florian,3,ISH6,Interview,Speech,High,H6,3,6.0,7,2
23,Florian,4,IEL2,Interview,Earcon,Low,L2,6,5.0,2,6
23,Florian,5,ISL3,Interview,Speech,Low,L3,2,6.0,3,2
23,Florian,6,IEH5,Interview,Earcon,High,H5,5,5.0,2,5
23,Florian,7,MEH1,Math,Earcon,High,H1,2,6.0,5,3
23,Florian,8,MSL6,Math,Speech,Low,L6,3,6.0,4,6
23,Florian,9,MEL4,Math,Earcon,Low,L4,6,5.0,4,6
23,Florian,10,MSH3,Math,Speech,High,H3,6,6.0,5,6
23,Florian,11,MXH2,Math,SonoAdapt,High,H2,7,6.0,5,7
23,Florian,12,MXL5,Math,SonoAdapt,Low,L5,6,,1,6
Julius,24,1,MXH3,Math,SonoAdapt,High,H3,5,7.0,6,5
Julius,24,2,MEL5,Math,Earcon,Low,L5,3,6.0,6,3
Julius,24,3,MXL6,Math,SonoAdapt,Low,L6,6,,1,6
Julius,24,4,MEH2,Math,Earcon,High,H2,3,6.0,4,6
Julius,24,5,MSH4,Math,Speech,High,H4,5,7.0,6,5
Julius,24,6,MSL1,Math,Speech,Low,L1,2,7.0,7,2
Julius,24,7,ISL4,Interview,Speech,Low,L4,2,7.0,6,1
Julius,24,8,ISH1,Interview,Speech,High,H1,4,5.0,5,5
Julius,24,9,IEH6,Interview,Earcon,High,H6,6,7.0,4,6
Julius,24,10,IXL2,Interview,SonoAdapt,Low,L2,7,,1,7
Julius,24,11,IEL3,Interview,Earcon,Low,L3,3,7.0,6,2
Julius,24,12,IXH5,Interview,SonoAdapt,High,H5,5,6.0,5,4
25,Babette,1,IEL1,Interview,Earcon,Low,L1,2,2.0,2,4
25,Babette,2,IEH4,Interview,Earcon,High,H4,6,4.0,4,7
25,Babette,3,IXH3,Interview,SonoAdapt,High,H3,6,4.0,4,7
25,Babette,4,ISL2,Interview,Speech,Low,L2,1,7.0,7,1
25,Babette,5,IXL6,Interview,SonoAdapt,Low,L6,4,,1,7
25,Babette,6,ISH5,Interview,Speech,High,H5,6,7.0,2,7
25,Babette,7,MSH2,Math,Speech,High,H2,7,7.0,7,6
25,Babette,8,MXL4,Math,SonoAdapt,Low,L4,7,,1,7
25,Babette,9,MSL5,Math,Speech,Low,L5,1,7.0,7,1
25,Babette,10,MXH1,Math,SonoAdapt,High,H1,7,7.0,7,7
25,Babette,11,MEH6,Math,Earcon,High,H6,6,4.0,4,5
25,Babette,12,MEL3,Math,Earcon,Low,L3,2,4.0,4,1
26,Emilia,1,MEH1,Math,Earcon,High,H1,5,7.0,3,7
26,Emilia,2,MSL6,Math,Speech,Low,L6,2,7.0,5,4
26,Emilia,3,MEL4,Math,Earcon,Low,L4,5,7.0,4,5
26,Emilia,4,MSH3,Math,Speech,High,H3,7,7.0,6,7
26,Emilia,5,MXH2,Math,SonoAdapt,High,H2,7,7.0,5,7
26,Emilia,6,MXL5,Math,SonoAdapt,Low,L5,7,,1,7
26,Emilia,7,IXL1,Interview,SonoAdapt,Low,L1,7,,1,7
26,Emilia,8,IXH4,Interview,SonoAdapt,High,H4,6,7.0,2,5
26,Emilia,9,ISH6,Interview,Speech,High,H6,5,7.0,5,5
26,Emilia,10,IEL2,Interview,Earcon,Low,L2,3,7.0,3,3
26,Emilia,11,ISL3,Interview,Speech,Low,L3,2,6.0,5,2
26,Emilia,12,IEH5,Interview,Earcon,High,H5,6,7.0,2,5
27,Ahmed,1,ISL4,Interview,Speech,Low,L4,1,5.0,5,4
27,Ahmed,2,ISH1,Interview,Speech,High,H1,6,7.0,5,6
27,Ahmed,3,IEH6,Interview,Earcon,High,H6,5,5.0,2,4
27,Ahmed,4,IXL2,Interview,SonoAdapt,Low,L2,2,,1,7
27,Ahmed,5,IEL3,Interview,Earcon,Low,L3,3,3.0,2,4
27,Ahmed,6,IXH5,Interview,SonoAdapt,High,H5,5,5.0,3,4
27,Ahmed,7,MXH3,Math,SonoAdapt,High,H3,4,5.0,2,3
27,Ahmed,8,MEL5,Math,Earcon,Low,L5,4,2.0,2,2
27,Ahmed,9,MXL6,Math,SonoAdapt,Low,L6,7,,1,6
27,Ahmed,10,MEH2,Math,Earcon,High,H2,1,1.0,4,7
27,Ahmed,11,MSH4,Math,Speech,High,H4,6,7.0,3,6
27,Ahmed,12,MSL1,Math,Speech,Low,L1,5,7.0,4,4
