participant;block;scenario_block;trial_in_scenario;scenario;system;urgency;condition_idx;message_id;code;message_text
1;1;1;1;Interview;Baseline-Earcon;LOW;1;L1;IEL1;New WhatsApp from Lilly: I went for a short walk after work yesterday.
1;2;1;2;Interview;Baseline-Earcon;HIGH;2;H4;IEH4;New WhatsApp from Paul: I forgot my keys. Can you come downstairs and open the door?
1;3;1;3;Interview;SonoAdapt;HIGH;6;H3;IXH3;New WhatsApp from Laura: I think I forgot to turn the stove off. Can you check?
1;4;1;4;Interview;Baseline-Speech;LOW;3;L2;ISL2;New WhatsApp from Max: I had pasta for dinner yesterday.
1;5;1;5;Interview;SonoAdapt;LOW;5;L6;IXL6;New WhatsApp from Tom: I finished a book I was reading yesterday.
1;6;1;6;Interview;Baseline-Speech;HIGH;4;H5;ISH5;New WhatsApp from Sophie: I'm outside your building now. Can you come down?
1;7;2;1;Mathe;Baseline-Speech;HIGH;4;H2;MSH2;New WhatsApp from Leo: The fire alarm is going off in your apartment. Can you check?
1;8;2;2;Mathe;SonoAdapt;LOW;5;L4;MXL4;New WhatsApp from Ben: I took the bus to work yesterday.
1;9;2;3;Mathe;Baseline-Speech;LOW;3;L5;MSL5;New WhatsApp from Emma: I stopped by a bakery after work yesterday.
1;10;2;4;Mathe;SonoAdapt;HIGH;6;H1;MXH1;New WhatsApp from Sarah: I was in a bike accident. Can you call me right now?
1;11;2;5;Mathe;Baseline-Earcon;HIGH;2;H6;MEH6;New WhatsApp from David: I think I left my wallet on the train. Can you call me right away?
1;12;2;6;Mathe;Baseline-Earcon;LOW;1;L3;MEL3;New WhatsApp from Anna: I watched a documentary yesterday.
2;1;1;1;Mathe;Baseline-Earcon;HIGH;2;H1;MEH1;New WhatsApp from Sarah: I was in a bike accident. Can you call me right now?
2;2;1;2;Mathe;Baseline-Speech;LOW;3;L6;MSL6;New WhatsApp from Tom: I finished a book I was reading yesterday.
2;3;1;3;Mathe;Baseline-Earcon;LOW;1;L4;MEL4;New WhatsApp from Ben: I took the bus to work yesterday.
2;4;1;4;Mathe;Baseline-Speech;HIGH;4;H3;MSH3;New WhatsApp from Laura: I think I forgot to turn the stove off. Can you check?
2;5;1;5;Mathe;SonoAdapt;HIGH;6;H2;MXH2;New WhatsApp from Leo: The fire alarm is going off in your apartment. Can you check?
2;6;1;6;Mathe;SonoAdapt;LOW;5;L5;MXL5;New WhatsApp from Emma: I stopped by a bakery after work yesterday.
2;7;2;1;Interview;SonoAdapt;LOW;5;L1;IXL1;New WhatsApp from Lilly: I went for a short walk after work yesterday.
2;8;2;2;Interview;SonoAdapt;HIGH;6;H4;IXH4;New WhatsApp from Paul: I forgot my keys. Can you come downstairs and open the door?
2;9;2;3;Interview;Baseline-Speech;HIGH;4;H6;ISH6;New WhatsApp from David: I think I left my wallet on the train. Can you call me right away?
2;10;2;4;Interview;Baseline-Earcon;LOW;1;L2;IEL2;New WhatsApp from Max: I had pasta for dinner yesterday.
2;11;2;5;Interview;Baseline-Speech;LOW;3;L3;ISL3;New WhatsApp from Anna: I watched a documentary yesterday.
2;12;2;6;Interview;Baseline-Earcon;HIGH;2;H5;IEH5;New WhatsApp from Sophie: I'm outside your building now. Can you come down?
3;1;1;1;Interview;Baseline-Speech;LOW;3;L4;ISL4;New WhatsApp from Ben: I took the bus to work yesterday.
3;2;1;2;Interview;Baseline-Speech;HIGH;4;H1;ISH1;New WhatsApp from Sarah: I was in a bike accident. Can you call me right now?
3;3;1;3;Interview;Baseline-Earcon;HIGH;2;H6;IEH6;New WhatsApp from David: I think I left my wallet on the train. Can you call me right away?
3;4;1;4;Interview;SonoAdapt;LOW;5;L2;IXL2;New WhatsApp from Max: I had pasta for dinner yesterday.
3;5;1;5;Interview;Baseline-Earcon;LOW;1;L3;IEL3;New WhatsApp from Anna: I watched a documentary yesterday.
3;6;1;6;Interview;SonoAdapt;HIGH;6;H5;IXH5;New WhatsApp from Sophie: I'm outside your building now. Can you come down?
3;7;2;1;Mathe;SonoAdapt;HIGH;6;H3;MXH3;New WhatsApp from Laura: I think I forgot to turn the stove off. Can you check?
3;8;2;2;Mathe;Baseline-Earcon;LOW;1;L5;MEL5;New WhatsApp from Emma: I stopped by a bakery after work yesterday.
3;9;2;3;Mathe;SonoAdapt;LOW;5;L6;MXL6;New WhatsApp from Tom: I finished a book I was reading yesterday.
3;10;2;4;Mathe;Baseline-Earcon;HIGH;2;H2;MEH2;New WhatsApp from Leo: The fire alarm is going off in your apartment. Can you check?
3;11;2;5;Mathe;Baseline-Speech;HIGH;4;H4;MSH4;New WhatsApp from Paul: I forgot my keys. Can you come downstairs and open the door?
3;12;2;6;Mathe;Baseline-Speech;LOW;3;L1;MSL1;New WhatsApp from Lilly: I went for a short walk after work yesterday.
4;1;1;1;Mathe;Baseline-Speech;HIGH;4;H5;MSH5;New WhatsApp from Sophie: I'm outside your building now. Can you come down?
4;2;1;2;Mathe;SonoAdapt;LOW;5;L1;MXL1;New WhatsApp from Lilly: I went for a short walk after work yesterday.
4;3;1;3;Mathe;Baseline-Speech;LOW;3;L2;MSL2;New WhatsApp from Max: I had pasta for dinner yesterday.
4;4;1;4;Mathe;SonoAdapt;HIGH;6;H4;MXH4;New WhatsApp from Paul: I forgot my keys. Can you come downstairs and open the door?
4;5;1;5;Mathe;Baseline-Earcon;HIGH;2;H3;MEH3;New WhatsApp from Laura: I think I forgot to turn the stove off. Can you check?
4;6;1;6;Mathe;Baseline-Earcon;LOW;1;L6;MEL6;New WhatsApp from Tom: I finished a book I was reading yesterday.
4;7;2;1;Interview;Baseline-Earcon;LOW;1;L4;IEL4;New WhatsApp from Ben: I took the bus to work yesterday.
4;8;2;2;Interview;Baseline-Earcon;HIGH;2;H1;IEH1;New WhatsApp from Sarah: I was in a bike accident. Can you call me right now?
4;9;2;3;Interview;SonoAdapt;HIGH;6;H6;IXH6;New WhatsApp from David: I think I left my wallet on the train. Can you call me right away?
4;10;2;4;Interview;Baseline-Speech;LOW;3;L5;ISL5;New WhatsApp from Emma: I stopped by a bakery after work yesterday.
4;11;2;5;Interview;SonoAdapt;LOW;5;L3;IXL3;New WhatsApp from Anna: I watched a documentary yesterday.
4;12;2;6;Interview;Baseline-Speech;HIGH;4;H2;ISH2;New WhatsApp from Leo: The fire alarm is going off in your apartment. Can you check?
5;1;1;1;Interview;SonoAdapt;LOW;5;L4;IXL4;New WhatsApp from Ben: I took the bus to work yesterday.
5;2;1;2;Interview;SonoAdapt;HIGH;6;H1;IXH1;New WhatsApp from Sarah: I was in a bike accident. Can you call me right now?
5;3;1;3;Interview;Baseline-Speech;HIGH;4;H3;ISH3;New WhatsApp from Laura: I think I forgot to turn the stove off. Can you check?
5;4;1;4;Interview;Baseline-Earcon;LOW;1;L5;IEL5;New WhatsApp from Emma: I stopped by a bakery after work yesterday.
5;5;1;5;Interview;Baseline-Speech;LOW;3;L6;ISL6;New WhatsApp from Tom: I finished a book I was reading yesterday.
5;6;1;6;Interview;Baseline-Earcon;HIGH;2;H2;IEH2;New WhatsApp from Leo: The fire alarm is going off in your apartment. Can you check?
5;7;2;1;Mathe;Baseline-Earcon;HIGH;2;H4;MEH4;New WhatsApp from Paul: I forgot my keys. Can you come downstairs and open the door?
5;8;2;2;Mathe;Baseline-Speech;LOW;3;L3;MSL3;New WhatsApp from Anna: I watched a documentary yesterday.
5;9;2;3;Mathe;Baseline-Earcon;LOW;1;L1;MEL1;New WhatsApp from Lilly: I went for a short walk after work yesterday.
5;10;2;4;Mathe;Baseline-Speech;HIGH;4;H6;MSH6;New WhatsApp from David: I think I left my wallet on the train. Can you call me right away?
5;11;2;5;Mathe;SonoAdapt;HIGH;6;H5;MXH5;New WhatsApp from Sophie: I'm outside your building now. Can you come down?
5;12;2;6;Mathe;SonoAdapt;LOW;5;L2;MXL2;New WhatsApp from Max: I had pasta for dinner yesterday.
6;1;1;1;Mathe;SonoAdapt;HIGH;6;H6;MXH6;New WhatsApp from David: I think I left my wallet on the train. Can you call me right away?
6;2;1;2;Mathe;Baseline-Earcon;LOW;1;L2;MEL2;New WhatsApp from Max: I had pasta for dinner yesterday.
6;3;1;3;Mathe;SonoAdapt;LOW;5;L3;MXL3;New WhatsApp from Anna: I watched a documentary yesterday.
6;4;1;4;Mathe;Baseline-Earcon;HIGH;2;H5;MEH5;New WhatsApp from Sophie: I'm outside your building now. Can you come down?
6;5;1;5;Mathe;Baseline-Speech;HIGH;4;H1;MSH1;New WhatsApp from Sarah: I was in a bike accident. Can you call me right now?
6;6;1;6;Mathe;Baseline-Speech;LOW;3;L4;MSL4;New WhatsApp from Ben: I took the bus to work yesterday.
6;7;2;1;Interview;Baseline-Speech;LOW;3;L1;ISL1;New WhatsApp from Lilly: I went for a short walk after work yesterday.
6;8;2;2;Interview;Baseline-Speech;HIGH;4;H4;ISH4;New WhatsApp from Paul: I forgot my keys. Can you come downstairs and open the door?
6;9;2;3;Interview;Baseline-Earcon;HIGH;2;H3;IEH3;New WhatsApp from Laura: I think I forgot to turn the stove off. Can you check?
6;10;2;4;Interview;SonoAdapt;LOW;5;L5;IXL5;New WhatsApp from Emma: I stopped by a bakery after work yesterday.
6;11;2;5;Interview;Baseline-Earcon;LOW;1;L6;IEL6;New WhatsApp from Tom: I finished a book I was reading yesterday.
6;12;2;6;Interview;SonoAdapt;HIGH;6;H2;IXH2;New WhatsApp from Leo: The fire alarm is going off in your apartment. Can you check?
7;1;1;1;Interview;Baseline-Earcon;LOW;1;L2;IEL2;New WhatsApp from Max: I had pasta for dinner yesterday.
7;2;1;2;Interview;Baseline-Earcon;HIGH;2;H5;IEH5;New WhatsApp from Sophie: I'm outside your building now. Can you come down?
7;3;1;3;Interview;SonoAdapt;HIGH;6;H4;IXH4;New WhatsApp from Paul: I forgot my keys. Can you come downstairs and open the door?
7;4;1;4;Interview;Baseline-Speech;LOW;3;L3;ISL3;New WhatsApp from Anna: I watched a documentary yesterday.
7;5;1;5;Interview;SonoAdapt;LOW;5;L1;IXL1;New WhatsApp from Lilly: I went for a short walk after work yesterday.
7;6;1;6;Interview;Baseline-Speech;HIGH;4;H6;ISH6;New WhatsApp from David: I think I left my wallet on the train. Can you call me right away?
7;7;2;1;Mathe;Baseline-Speech;HIGH;4;H3;MSH3;New WhatsApp from Laura: I think I forgot to turn the stove off. Can you check?
7;8;2;2;Mathe;SonoAdapt;LOW;5;L5;MXL5;New WhatsApp from Emma: I stopped by a bakery after work yesterday.
7;9;2;3;Mathe;Baseline-Speech;LOW;3;L6;MSL6;New WhatsApp from Tom: I finished a book I was reading yesterday.
7;10;2;4;Mathe;SonoAdapt;HIGH;6;H2;MXH2;New WhatsApp from Leo: The fire alarm is going off in your apartment. Can you check?
7;11;2;5;Mathe;Baseline-Earcon;HIGH;2;H1;MEH1;New WhatsApp from Sarah: I was in a bike accident. Can you call me right now?
7;12;2;6;Mathe;Baseline-Earcon;LOW;1;L4;MEL4;New WhatsApp from Ben: I took the bus to work yesterday.
8;1;1;1;Mathe;Baseline-Earcon;HIGH;2;H2;MEH2;New WhatsApp from Leo: The fire alarm is going off in your apartment. Can you check?
8;2;1;2;Mathe;Baseline-Speech;LOW;3;L1;MSL1;New WhatsApp from Lilly: I went for a short walk after work yesterday.
8;3;1;3;Mathe;Baseline-Earcon;LOW;1;L5;MEL5;New WhatsApp from Emma: I stopped by a bakery after work yesterday.
8;4;1;4;Mathe;Baseline-Speech;HIGH;4;H4;MSH4;New WhatsApp from Paul: I forgot my keys. Can you come downstairs and open the door?
8;5;1;5;Mathe;SonoAdapt;HIGH;6;H3;MXH3;New WhatsApp from Laura: I think I forgot to turn the stove off. Can you check?
8;6;1;6;Mathe;SonoAdapt;LOW;5;L6;MXL6;New WhatsApp from Tom: I finished a book I was reading yesterday.
8;7;2;1;Interview;SonoAdapt;LOW;5;L2;IXL2;New WhatsApp from Max: I had pasta for dinner yesterday.
8;8;2;2;Interview;SonoAdapt;HIGH;6;H5;IXH5;New WhatsApp from Sophie: I'm outside your building now. Can you come down?
8;9;2;3;Interview;Baseline-Speech;HIGH;4;H1;ISH1;New WhatsApp from Sarah: I was in a bike accident. Can you call me right now?
8;10;2;4;Interview;Baseline-Earcon;LOW;1;L3;IEL3;New WhatsApp from Anna: I watched a documentary yesterday.
8;11;2;5;Interview;Baseline-Speech;LOW;3;L4;ISL4;New WhatsApp from Ben: I took the bus to work yesterday.
8;12;2;6;Interview;Baseline-Earcon;HIGH;2;H6;IEH6;New WhatsApp from David: I think I left my wallet on the train. Can you call me right away?
9;1;1;1;Interview;Baseline-Speech;LOW;3;L5;ISL5;New WhatsApp from Emma: I stopped by a bakery after work yesterday.
9;2;1;2;Interview;Baseline-Speech;HIGH;4;H2;ISH2;New WhatsApp from Leo: The fire alarm is going off in your apartment. Can you check?
9;3;1;3;Interview;Baseline-Earcon;HIGH;2;H1;IEH1;New WhatsApp from Sarah: I was in a bike accident. Can you call me right now?
9;4;1;4;Interview;SonoAdapt;LOW;5;L3;IXL3;New WhatsApp from Anna: I watched a documentary yesterday.
9;5;1;5;Interview;Baseline-Earcon;LOW;1;L4;IEL4;New WhatsApp from Ben: I took the bus to work yesterday.
9;6;1;6;Interview;SonoAdapt;HIGH;6;H6;IXH6;New WhatsApp from David: I think I left my wallet on the train. Can you call me right away?
9;7;2;1;Mathe;SonoAdapt;HIGH;6;H4;MXH4;New WhatsApp from Paul: I forgot my keys. Can you come downstairs and open the door?
9;8;2;2;Mathe;Baseline-Earcon;LOW;1;L6;MEL6;New WhatsApp from Tom: I finished a book I was reading yesterday.
9;9;2;3;Mathe;SonoAdapt;LOW;5;L1;MXL1;New WhatsApp from Lilly: I went for a short walk after work yesterday.
9;10;2;4;Mathe;Baseline-Earcon;HIGH;2;H3;MEH3;New WhatsApp from Laura: I think I forgot to turn the stove off. Can you check?
9;11;2;5;Mathe;Baseline-Speech;HIGH;4;H5;MSH5;New WhatsApp from Sophie: I'm outside your building now. Can you come down?
9;12;2;6;Mathe;Baseline-Speech;LOW;3;L2;MSL2;New WhatsApp from Max: I had pasta for dinner yesterday.
10;1;1;1;Mathe;Baseline-Speech;HIGH;4;H6;MSH6;New WhatsApp from David: I think I left my wallet on the train. Can you call me right away?
10;2;1;2;Mathe;SonoAdapt;LOW;5;L2;MXL2;New WhatsApp from Max: I had pasta for dinner yesterday.
10;3;1;3;Mathe;Baseline-Speech;LOW;3;L3;MSL3;New WhatsApp from Anna: I watched a documentary yesterday.
10;4;1;4;Mathe;SonoAdapt;HIGH;6;H5;MXH5;New WhatsApp from Sophie: I'm outside your building now. Can you come down?
10;5;1;5;Mathe;Baseline-Earcon;HIGH;2;H4;MEH4;New WhatsApp from Paul: I forgot my keys. Can you come downstairs and open the door?
10;6;1;6;Mathe;Baseline-Earcon;LOW;1;L1;MEL1;New WhatsApp from Lilly: I went for a short walk after work yesterday.
10;7;2;1;Interview;Baseline-Earcon;LOW;1;L5;IEL5;New WhatsApp from Emma: I stopped by a bakery after work yesterday.
10;8;2;2;Interview;Baseline-Earcon;HIGH;2;H2;IEH2;New WhatsApp from Leo: The fire alarm is going off in your apartment. Can you check?
10;9;2;3;Interview;SonoAdapt;HIGH;6;H1;IXH1;New WhatsApp from Sarah: I was in a bike accident. Can you call me right now?
10;10;2;4;Interview;Baseline-Speech;LOW;3;L6;ISL6;New WhatsApp from Tom: I finished a book I was reading yesterday.
10;11;2;5;Interview;SonoAdapt;LOW;5;L4;IXL4;New WhatsApp from Ben: I took the bus to work yesterday.
10;12;2;6;Interview;Baseline-Speech;HIGH;4;H3;ISH3;New WhatsApp from Laura: I think I forgot to turn the stove off. Can you check?
11;1;1;1;Interview;SonoAdapt;LOW;5;L5;IXL5;New WhatsApp from Emma: I stopped by a bakery after work yesterday.
11;2;1;2;Interview;SonoAdapt;HIGH;6;H2;IXH2;New WhatsApp from Leo: The fire alarm is going off in your apartment. Can you check?
11;3;1;3;Interview;Baseline-Speech;HIGH;4;H4;ISH4;New WhatsApp from Paul: I forgot my keys. Can you come downstairs and open the door?
11;4;1;4;Interview;Baseline-Earcon;LOW;1;L6;IEL6;New WhatsApp from Tom: I finished a book I was reading yesterday.
11;5;1;5;Interview;Baseline-Speech;LOW;3;L1;ISL1;New WhatsApp from Lilly: I went for a short walk after work yesterday.
11;6;1;6;Interview;Baseline-Earcon;HIGH;2;H3;IEH3;New WhatsApp from Laura: I think I forgot to turn the stove off. Can you check?
11;7;2;1;Mathe;Baseline-Earcon;HIGH;2;H5;MEH5;New WhatsApp from Sophie: I'm outside your building now. Can you come down?
11;8;2;2;Mathe;Baseline-Speech;LOW;3;L4;MSL4;New WhatsApp from Ben: I took the bus to work yesterday.
11;9;2;3;Mathe;Baseline-Earcon;LOW;1;L2;MEL2;New WhatsApp from Max: I had pasta for dinner yesterday.
11;10;2;4;Mathe;Baseline-Speech;HIGH;4;H1;MSH1;New WhatsApp from Sarah: I was in a bike accident. Can you call me right now?
11;11;2;5;Mathe;SonoAdapt;HIGH;6;H6;MXH6;New WhatsApp from David: I think I left my wallet on the train. Can you call me right away?
11;12;2;6;Mathe;SonoAdapt;LOW;5;L3;MXL3;New WhatsApp from Anna: I watched a documentary yesterday.
12;1;1;1;Mathe;SonoAdapt;HIGH;6;H1;MXH1;New WhatsApp from Sarah: I was in a bike accident. Can you call me right now?
12;2;1;2;Mathe;Baseline-Earcon;LOW;1;L3;MEL3;New WhatsApp from Anna: I watched a documentary yesterday.
12;3;1;3;Mathe;SonoAdapt;LOW;5;L4;MXL4;New WhatsApp from Ben: I took the bus to work yesterday.
12;4;1;4;Mathe;Baseline-Earcon;HIGH;2;H6;MEH6;New WhatsApp from David: I think I left my wallet on the train. Can you call me right away?
12;5;1;5;Mathe;Baseline-Speech;HIGH;4;H2;MSH2;New WhatsApp from Leo: The fire alarm is going off in your apartment. Can you check?
12;6;1;6;Mathe;Baseline-Speech;LOW;3;L5;MSL5;New WhatsApp from Emma: I stopped by a bakery after work yesterday.
12;7;2;1;Interview;Baseline-Speech;LOW;3;L2;ISL2;New WhatsApp from Max: I had pasta for dinner yesterday.
12;8;2;2;Interview;Baseline-Speech;HIGH;4;H5;ISH5;New WhatsApp from Sophie: I'm outside your building now. Can you come down?
12;9;2;3;Interview;Baseline-Earcon;HIGH;2;H4;IEH4;New WhatsApp from Paul: I forgot my keys. Can you come downstairs and open the door?
12;10;2;4;Interview;SonoAdapt;LOW;5;L6;IXL6;New WhatsApp from Tom: I finished a book I was reading yesterday.
12;11;2;5;Interview;Baseline-Earcon;LOW;1;L1;IEL1;New WhatsApp from Lilly: I went for a short walk after work yesterday.
12;12;2;6;Interview;SonoAdapt;HIGH;6;H3;IXH3;New WhatsApp from Laura: I think I forgot to turn the stove off. Can you check?
13;1;1;1;Interview;Baseline-Earcon;LOW;1;L3;IEL3;New WhatsApp from Anna: I watched a documentary yesterday.
13;2;1;2;Interview;Baseline-Earcon;HIGH;2;H6;IEH6;New WhatsApp from David: I think I left my wallet on the train. Can you call me right away?
13;3;1;3;Interview;SonoAdapt;HIGH;6;H5;IXH5;New WhatsApp from Sophie: I'm outside your building now. Can you come down?
13;4;1;4;Interview;Baseline-Speech;LOW;3;L4;ISL4;New WhatsApp from Ben: I took the bus to work yesterday.
13;5;1;5;Interview;SonoAdapt;LOW;5;L2;IXL2;New WhatsApp from Max: I had pasta for dinner yesterday.
13;6;1;6;Interview;Baseline-Speech;HIGH;4;H1;ISH1;New WhatsApp from Sarah: I was in a bike accident. Can you call me right now?
13;7;2;1;Mathe;Baseline-Speech;HIGH;4;H4;MSH4;New WhatsApp from Paul: I forgot my keys. Can you come downstairs and open the door?
13;8;2;2;Mathe;SonoAdapt;LOW;5;L6;MXL6;New WhatsApp from Tom: I finished a book I was reading yesterday.
13;9;2;3;Mathe;Baseline-Speech;LOW;3;L1;MSL1;New WhatsApp from Lilly: I went for a short walk after work yesterday.
13;10;2;4;Mathe;SonoAdapt;HIGH;6;H3;MXH3;New WhatsApp from Laura: I think I forgot to turn the stove off. Can you check?
13;11;2;5;Mathe;Baseline-Earcon;HIGH;2;H2;MEH2;New WhatsApp from Leo: The fire alarm is going off in your apartment. Can you check?
13;12;2;6;Mathe;Baseline-Earcon;LOW;1;L5;MEL5;New WhatsApp from Emma: I stopped by a bakery after work yesterday.
14;1;1;1;Mathe;Baseline-Earcon;HIGH;2;H3;MEH3;New WhatsApp from Laura: I think I forgot to turn the stove off. Can you check?
14;2;1;2;Mathe;Baseline-Speech;LOW;3;L2;MSL2;New WhatsApp from Max: I had pasta for dinner yesterday.
14;3;1;3;Mathe;Baseline-Earcon;LOW;1;L6;MEL6;New WhatsApp from Tom: I finished a book I was reading yesterday.
14;4;1;4;Mathe;Baseline-Speech;HIGH;4;H5;MSH5;New WhatsApp from Sophie: I'm outside your building now. Can you come down?
14;5;1;5;Mathe;SonoAdapt;HIGH;6;H4;MXH4;New WhatsApp from Paul: I forgot my keys. Can you come downstairs and open the door?
14;6;1;6;Mathe;SonoAdapt;LOW;5;L1;MXL1;New WhatsApp from Lilly: I went for a short walk after work yesterday.
14;7;2;1;Interview;SonoAdapt;LOW;5;L3;IXL3;New WhatsApp from Anna: I watched a documentary yesterday.
14;8;2;2;Interview;SonoAdapt;HIGH;6;H6;IXH6;New WhatsApp from David: I think I left my wallet on the train. Can you call me right away?
14;9;2;3;Interview;Baseline-Speech;HIGH;4;H2;ISH2;New WhatsApp from Leo: The fire alarm is going off in your apartment. Can you check?
14;10;2;4;Interview;Baseline-Earcon;LOW;1;L4;IEL4;New WhatsApp from Ben: I took the bus to work yesterday.
14;11;2;5;Interview;Baseline-Speech;LOW;3;L5;ISL5;New WhatsApp from Emma: I stopped by a bakery after work yesterday.
14;12;2;6;Interview;Baseline-Earcon;HIGH;2;H1;IEH1;New WhatsApp from Sarah: I was in a bike accident. Can you call me right now?
15;1;1;1;Interview;Baseline-Speech;LOW;3;L6;ISL6;New WhatsApp from Tom: I finished a book I was reading yesterday.
15;2;1;2;Interview;Baseline-Speech;HIGH;4;H3;ISH3;New WhatsApp from Laura: I think I forgot to turn the stove off. Can you check?
15;3;1;3;Interview;Baseline-Earcon;HIGH;2;H2;IEH2;New WhatsApp from Leo: The fire alarm is going off in your apartment. Can you check?
15;4;1;4;Interview;SonoAdapt;LOW;5;L4;IXL4;New WhatsApp from Ben: I took the bus to work yesterday.
15;5;1;5;Interview;Baseline-Earcon;LOW;1;L5;IEL5;New WhatsApp from Emma: I stopped by a bakery after work yesterday.
15;6;1;6;Interview;SonoAdapt;HIGH;6;H1;IXH1;New WhatsApp from Sarah: I was in a bike accident. Can you call me right now?
15;7;2;1;Mathe;SonoAdapt;HIGH;6;H5;MXH5;New WhatsApp from Sophie: I'm outside your building now. Can you come down?
15;8;2;2;Mathe;Baseline-Earcon;LOW;1;L1;MEL1;New WhatsApp from Lilly: I went for a short walk after work yesterday.
15;9;2;3;Mathe;SonoAdapt;LOW;5;L2;MXL2;New WhatsApp from Max: I had pasta for dinner yesterday.
15;10;2;4;Mathe;Baseline-Earcon;HIGH;2;H4;MEH4;New WhatsApp from Paul: I forgot my keys. Can you come downstairs and open the door?
15;11;2;5;Mathe;Baseline-Speech;HIGH;4;H6;MSH6;New WhatsApp from David: I think I left my wallet on the train. Can you call me right away?
15;12;2;6;Mathe;Baseline-Speech;LOW;3;L3;MSL3;New WhatsApp from Anna: I watched a documentary yesterday.
16;1;1;1;Mathe;Baseline-Speech;HIGH;4;H1;MSH1;New WhatsApp from Sarah: I was in a bike accident. Can you call me right now?
16;2;1;2;Mathe;SonoAdapt;LOW;5;L3;MXL3;New WhatsApp from Anna: I watched a documentary yesterday.
16;3;1;3;Mathe;Baseline-Speech;LOW;3;L4;MSL4;New WhatsApp from Ben: I took the bus to work yesterday.
16;4;1;4;Mathe;SonoAdapt;HIGH;6;H6;MXH6;New WhatsApp from David: I think I left my wallet on the train. Can you call me right away?
16;5;1;5;Mathe;Baseline-Earcon;HIGH;2;H5;MEH5;New WhatsApp from Sophie: I'm outside your building now. Can you come down?
16;6;1;6;Mathe;Baseline-Earcon;LOW;1;L2;MEL2;New WhatsApp from Max: I had pasta for dinner yesterday.
16;7;2;1;Interview;Baseline-Earcon;LOW;1;L6;IEL6;New WhatsApp from Tom: I finished a book I was reading yesterday.
16;8;2;2;Interview;Baseline-Earcon;HIGH;2;H3;IEH3;New WhatsApp from Laura: I think I forgot to turn the stove off. Can you check?
16;9;2;3;Interview;SonoAdapt;HIGH;6;H2;IXH2;New WhatsApp from Leo: The fire alarm is going off in your apartment. Can you check?
16;10;2;4;Interview;Baseline-Speech;LOW;3;L1;ISL1;New WhatsApp from Lilly: I went for a short walk after work yesterday.
16;11;2;5;Interview;SonoAdapt;LOW;5;L5;IXL5;New WhatsApp from Emma: I stopped by a bakery after work yesterday.
16;12;2;6;Interview;Baseline-Speech;HIGH;4;H4;ISH4;New WhatsApp from Paul: I forgot my keys. Can you come downstairs and open the door?
17;1;1;1;Interview;SonoAdapt;LOW;5;L6;IXL6;New WhatsApp from Tom: I finished a book I was reading yesterday.
17;2;1;2;Interview;SonoAdapt;HIGH;6;H3;IXH3;New WhatsApp from Laura: I think I forgot to turn the stove off. Can you check?
17;3;1;3;Interview;Baseline-Speech;HIGH;4;H5;ISH5;New WhatsApp from Sophie: I'm outside your building now. Can you come down?
17;4;1;4;Interview;Baseline-Earcon;LOW;1;L1;IEL1;New WhatsApp from Lilly: I went for a short walk after work yesterday.
17;5;1;5;Interview;Baseline-Speech;LOW;3;L2;ISL2;New WhatsApp from Max: I had pasta for dinner yesterday.
17;6;1;6;Interview;Baseline-Earcon;HIGH;2;H4;IEH4;New WhatsApp from Paul: I forgot my keys. Can you come downstairs and open the door?
17;7;2;1;Mathe;Baseline-Earcon;HIGH;2;H6;MEH6;New WhatsApp from David: I think I left my wallet on the train. Can you call me right away?
17;8;2;2;Mathe;Baseline-Speech;LOW;3;L5;MSL5;New WhatsApp from Emma: I stopped by a bakery after work yesterday.
17;9;2;3;Mathe;Baseline-Earcon;LOW;1;L3;MEL3;New WhatsApp from Anna: I watched a documentary yesterday.
17;10;2;4;Mathe;Baseline-Speech;HIGH;4;H2;MSH2;New WhatsApp from Leo: The fire alarm is going off in your apartment. Can you check?
17;11;2;5;Mathe;SonoAdapt;HIGH;6;H1;MXH1;New WhatsApp from Sarah: I was in a bike accident. Can you call me right now?
17;12;2;6;Mathe;SonoAdapt;LOW;5;L4;MXL4;New WhatsApp from Ben: I took the bus to work yesterday.
18;1;1;1;Mathe;SonoAdapt;HIGH;6;H2;MXH2;New WhatsApp from Leo: The fire alarm is going off in your apartment. Can you check?
18;2;1;2;Mathe;Baseline-Earcon;LOW;1;L4;MEL4;New WhatsApp from Ben: I took the bus to work yesterday.
18;3;1;3;Mathe;SonoAdapt;LOW;5;L5;MXL5;New WhatsApp from Emma: I stopped by a bakery after work yesterday.
18;4;1;4;Mathe;Baseline-Earcon;HIGH;2;H1;MEH1;New WhatsApp from Sarah: I was in a bike accident. Can you call me right now?
18;5;1;5;Mathe;Baseline-Speech;HIGH;4;H3;MSH3;New WhatsApp from Laura: I think I forgot to turn the stove off. Can you check?
18;6;1;6;Mathe;Baseline-Speech;LOW;3;L6;MSL6;New WhatsApp from Tom: I finished a book I was reading yesterday.
18;7;2;1;Interview;Baseline-Speech;LOW;3;L3;ISL3;New WhatsApp from Anna: I watched a documentary yesterday.
18;8;2;2;Interview;Baseline-Speech;HIGH;4;H6;ISH6;New WhatsApp from David: I think I left my wallet on the train. Can you call me right away?
18;9;2;3;Interview;Baseline-Earcon;HIGH;2;H5;IEH5;New WhatsApp from Sophie: I'm outside your building now. Can you come down?
18;10;2;4;Interview;SonoAdapt;LOW;5;L1;IXL1;New WhatsApp from Lilly: I went for a short walk after work yesterday.
18;11;2;5;Interview;Baseline-Earcon;LOW;1;L2;IEL2;New WhatsApp from Max: I had pasta for dinner yesterday.
18;12;2;6;Interview;SonoAdapt;HIGH;6;H4;IXH4;New WhatsApp from Paul: I forgot my keys. Can you come downstairs and open the door?
19;1;1;1;Interview;Baseline-Earcon;LOW;1;L4;IEL4;New WhatsApp from Ben: I took the bus to work yesterday.
19;2;1;2;Interview;Baseline-Earcon;HIGH;2;H1;IEH1;New WhatsApp from Sarah: I was in a bike accident. Can you call me right now?
19;3;1;3;Interview;SonoAdapt;HIGH;6;H6;IXH6;New WhatsApp from David: I think I left my wallet on the train. Can you call me right away?
19;4;1;4;Interview;Baseline-Speech;LOW;3;L5;ISL5;New WhatsApp from Emma: I stopped by a bakery after work yesterday.
19;5;1;5;Interview;SonoAdapt;LOW;5;L3;IXL3;New WhatsApp from Anna: I watched a documentary yesterday.
19;6;1;6;Interview;Baseline-Speech;HIGH;4;H2;ISH2;New WhatsApp from Leo: The fire alarm is going off in your apartment. Can you check?
19;7;2;1;Mathe;Baseline-Speech;HIGH;4;H5;MSH5;New WhatsApp from Sophie: I'm outside your building now. Can you come down?
19;8;2;2;Mathe;SonoAdapt;LOW;5;L1;MXL1;New WhatsApp from Lilly: I went for a short walk after work yesterday.
19;9;2;3;Mathe;Baseline-Speech;LOW;3;L2;MSL2;New WhatsApp from Max: I had pasta for dinner yesterday.
19;10;2;4;Mathe;SonoAdapt;HIGH;6;H4;MXH4;New WhatsApp from Paul: I forgot my keys. Can you come downstairs and open the door?
19;11;2;5;Mathe;Baseline-Earcon;HIGH;2;H3;MEH3;New WhatsApp from Laura: I think I forgot to turn the stove off. Can you check?
19;12;2;6;Mathe;Baseline-Earcon;LOW;1;L6;MEL6;New WhatsApp from Tom: I finished a book I was reading yesterday.
20;1;1;1;Mathe;Baseline-Earcon;HIGH;2;H4;MEH4;New WhatsApp from Paul: I forgot my keys. Can you come downstairs and open the door?
20;2;1;2;Mathe;Baseline-Speech;LOW;3;L3;MSL3;New WhatsApp from Anna: I watched a documentary yesterday.
20;3;1;3;Mathe;Baseline-Earcon;LOW;1;L1;MEL1;New WhatsApp from Lilly: I went for a short walk after work yesterday.
20;4;1;4;Mathe;Baseline-Speech;HIGH;4;H6;MSH6;New WhatsApp from David: I think I left my wallet on the train. Can you call me right away?
20;5;1;5;Mathe;SonoAdapt;HIGH;6;H5;MXH5;New WhatsApp from Sophie: I'm outside your building now. Can you come down?
20;6;1;6;Mathe;SonoAdapt;LOW;5;L2;MXL2;New WhatsApp from Max: I had pasta for dinner yesterday.
20;7;2;1;Interview;SonoAdapt;LOW;5;L4;IXL4;New WhatsApp from Ben: I took the bus to work yesterday.
20;8;2;2;Interview;SonoAdapt;HIGH;6;H1;IXH1;New WhatsApp from Sarah: I was in a bike accident. Can you call me right now?
20;9;2;3;Interview;Baseline-Speech;HIGH;4;H3;ISH3;New WhatsApp from Laura: I think I forgot to turn the stove off. Can you check?
20;10;2;4;Interview;Baseline-Earcon;LOW;1;L5;IEL5;New WhatsApp from Emma: I stopped by a bakery after work yesterday.
20;11;2;5;Interview;Baseline-Speech;LOW;3;L6;ISL6;New WhatsApp from Tom: I finished a book I was reading yesterday.
20;12;2;6;Interview;Baseline-Earcon;HIGH;2;H2;IEH2;New WhatsApp from Leo: The fire alarm is going off in your apartment. Can you check?
21;1;1;1;Interview;Baseline-Speech;LOW;3;L1;ISL1;New WhatsApp from Lilly: I went for a short walk after work yesterday.
21;2;1;2;Interview;Baseline-Speech;HIGH;4;H4;ISH4;New WhatsApp from Paul: I forgot my keys. Can you come downstairs and open the door?
21;3;1;3;Interview;Baseline-Earcon;HIGH;2;H3;IEH3;New WhatsApp from Laura: I think I forgot to turn the stove off. Can you check?
21;4;1;4;Interview;SonoAdapt;LOW;5;L5;IXL5;New WhatsApp from Emma: I stopped by a bakery after work yesterday.
21;5;1;5;Interview;Baseline-Earcon;LOW;1;L6;IEL6;New WhatsApp from Tom: I finished a book I was reading yesterday.
21;6;1;6;Interview;SonoAdapt;HIGH;6;H2;IXH2;New WhatsApp from Leo: The fire alarm is going off in your apartment. Can you check?
21;7;2;1;Mathe;SonoAdapt;HIGH;6;H6;MXH6;New WhatsApp from David: I think I left my wallet on the train. Can you call me right away?
21;8;2;2;Mathe;Baseline-Earcon;LOW;1;L2;MEL2;New WhatsApp from Max: I had pasta for dinner yesterday.
21;9;2;3;Mathe;SonoAdapt;LOW;5;L3;MXL3;New WhatsApp from Anna: I watched a documentary yesterday.
21;10;2;4;Mathe;Baseline-Earcon;HIGH;2;H5;MEH5;New WhatsApp from Sophie: I'm outside your building now. Can you come down?
21;11;2;5;Mathe;Baseline-Speech;HIGH;4;H1;MSH1;New WhatsApp from Sarah: I was in a bike accident. Can you call me right now?
21;12;2;6;Mathe;Baseline-Speech;LOW;3;L4;MSL4;New WhatsApp from Ben: I took the bus to work yesterday.
22;1;1;1;Mathe;Baseline-Speech;HIGH;4;H2;MSH2;New WhatsApp from Leo: The fire alarm is going off in your apartment. Can you check?
22;2;1;2;Mathe;SonoAdapt;LOW;5;L4;MXL4;New WhatsApp from Ben: I took the bus to work yesterday.
22;3;1;3;Mathe;Baseline-Speech;LOW;3;L5;MSL5;New WhatsApp from Emma: I stopped by a bakery after work yesterday.
22;4;1;4;Mathe;SonoAdapt;HIGH;6;H1;MXH1;New WhatsApp from Sarah: I was in a bike accident. Can you call me right now?
22;5;1;5;Mathe;Baseline-Earcon;HIGH;2;H6;MEH6;New WhatsApp from David: I think I left my wallet on the train. Can you call me right away?
22;6;1;6;Mathe;Baseline-Earcon;LOW;1;L3;MEL3;New WhatsApp from Anna: I watched a documentary yesterday.
22;7;2;1;Interview;Baseline-Earcon;LOW;1;L1;IEL1;New WhatsApp from Lilly: I went for a short walk after work yesterday.
22;8;2;2;Interview;Baseline-Earcon;HIGH;2;H4;IEH4;New WhatsApp from Paul: I forgot my keys. Can you come downstairs and open the door?
22;9;2;3;Interview;SonoAdapt;HIGH;6;H3;IXH3;New WhatsApp from Laura: I think I forgot to turn the stove off. Can you check?
22;10;2;4;Interview;Baseline-Speech;LOW;3;L2;ISL2;New WhatsApp from Max: I had pasta for dinner yesterday.
22;11;2;5;Interview;SonoAdapt;LOW;5;L6;IXL6;New WhatsApp from Tom: I finished a book I was reading yesterday.
22;12;2;6;Interview;Baseline-Speech;HIGH;4;H5;ISH5;New WhatsApp from Sophie: I'm outside your building now. Can you come down?
23;1;1;1;Interview;SonoAdapt;LOW;5;L1;IXL1;New WhatsApp from Lilly: I went for a short walk after work yesterday.
23;2;1;2;Interview;SonoAdapt;HIGH;6;H4;IXH4;New WhatsApp from Paul: I forgot my keys. Can you come downstairs and open the door?
23;3;1;3;Interview;Baseline-Speech;HIGH;4;H6;ISH6;New WhatsApp from David: I think I left my wallet on the train. Can you call me right away?
23;4;1;4;Interview;Baseline-Earcon;LOW;1;L2;IEL2;New WhatsApp from Max: I had pasta for dinner yesterday.
23;5;1;5;Interview;Baseline-Speech;LOW;3;L3;ISL3;New WhatsApp from Anna: I watched a documentary yesterday.
23;6;1;6;Interview;Baseline-Earcon;HIGH;2;H5;IEH5;New WhatsApp from Sophie: I'm outside your building now. Can you come down?
23;7;2;1;Mathe;Baseline-Earcon;HIGH;2;H1;MEH1;New WhatsApp from Sarah: I was in a bike accident. Can you call me right now?
23;8;2;2;Mathe;Baseline-Speech;LOW;3;L6;MSL6;New WhatsApp from Tom: I finished a book I was reading yesterday.
23;9;2;3;Mathe;Baseline-Earcon;LOW;1;L4;MEL4;New WhatsApp from Ben: I took the bus to work yesterday.
23;10;2;4;Mathe;Baseline-Speech;HIGH;4;H3;MSH3;New WhatsApp from Laura: I think I forgot to turn the stove off. Can you check?
23;11;2;5;Mathe;SonoAdapt;HIGH;6;H2;MXH2;New WhatsApp from Leo: The fire alarm is going off in your apartment. Can you check?
23;12;2;6;Mathe;SonoAdapt;LOW;5;L5;MXL5;New WhatsApp from Emma: I stopped by a bakery after work yesterday.
24;1;1;1;Mathe;SonoAdapt;HIGH;6;H3;MXH3;New WhatsApp from Laura: I think I forgot to turn the stove off. Can you check?
24;2;1;2;Mathe;Baseline-Earcon;LOW;1;L5;MEL5;New WhatsApp from Emma: I stopped by a bakery after work yesterday.
24;3;1;3;Mathe;SonoAdapt;LOW;5;L6;MXL6;New WhatsApp from Tom: I finished a book I was reading yesterday.
24;4;1;4;Mathe;Baseline-Earcon;HIGH;2;H2;MEH2;New WhatsApp from Leo: The fire alarm is going off in your apartment. Can you check?
24;5;1;5;Mathe;Baseline-Speech;HIGH;4;H4;MSH4;New WhatsApp from Paul: I forgot my keys. Can you come downstairs and open the door?
24;6;1;6;Mathe;Baseline-Speech;LOW;3;L1;MSL1;New WhatsApp from Lilly: I went for a short walk after work yesterday.
24;7;2;1;Interview;Baseline-Speech;LOW;3;L4;ISL4;New WhatsApp from Ben: I took the bus to work yesterday.
24;8;2;2;Interview;Baseline-Speech;HIGH;4;H1;ISH1;New WhatsApp from Sarah: I was in a bike accident. Can you call me right now?
24;9;2;3;Interview;Baseline-Earcon;HIGH;2;H6;IEH6;New WhatsApp from David: I think I left my wallet on the train. Can you call me right away?
24;10;2;4;Interview;SonoAdapt;LOW;5;L2;IXL2;New WhatsApp from Max: I had pasta for dinner yesterday.
24;11;2;5;Interview;Baseline-Earcon;LOW;1;L3;IEL3;New WhatsApp from Anna: I watched a documentary yesterday.
24;12;2;6;Interview;SonoAdapt;HIGH;6;H5;IXH5;New WhatsApp from Sophie: I'm outside your building now. Can you come down?
