participant;B01;B02;B03;B04;B05;B06;B07;B08;B09;B10;B11;B12
1;IEL1;IEH4;IXH3;ISL2;IXL6;ISH5;MSH2;MXL4;MSL5;MXH1;MEH6;MEL3
2;MEH1;MSL6;MEL4;MSH3;MXH2;MXL5;IXL1;IXH4;ISH6;IEL2;ISL3;IEH5
3;ISL4;ISH1;IEH6;IXL2;IEL3;IXH5;MXH3;MEL5;MXL6;MEH2;MSH4;MSL1
4;MSH5;MXL1;MSL2;MXH4;MEH3;MEL6;IEL4;IEH1;IXH6;ISL5;IXL3;ISH2
5;IXL4;IXH1;ISH3;IEL5;ISL6;IEH2;MEH4;MSL3;MEL1;MSH6;MXH5;MXL2
6;MXH6;MEL2;MXL3;MEH5;MSH1;MSL4;ISL1;ISH4;IEH3;IXL5;IEL6;IXH2
7;IEL2;IEH5;IXH4;ISL3;IXL1;ISH6;MSH3;MXL5;MSL6;MXH2;MEH1;MEL4
8;MEH2;MSL1;MEL5;MSH4;MXH3;MXL6;IXL2;IXH5;ISH1;IEL3;ISL4;IEH6
9;ISL5;ISH2;IEH1;IXL3;IEL4;IXH6;MXH4;MEL6;MXL1;MEH3;MSH5;MSL2
10;MSH6;MXL2;MSL3;MXH5;MEH4;MEL1;IEL5;IEH2;IXH1;ISL6;IXL4;ISH3
11;IXL5;IXH2;ISH4;IEL6;ISL1;IEH3;MEH5;MSL4;MEL2;MSH1;MXH6;MXL3
12;MXH1;MEL3;MXL4;MEH6;MSH2;MSL5;ISL2;ISH5;IEH4;IXL6;IEL1;IXH3
13;IEL3;IEH6;IXH5;ISL4;IXL2;ISH1;MSH4;MXL6;MSL1;MXH3;MEH2;MEL5
14;MEH3;MSL2;MEL6;MSH5;MXH4;MXL1;IXL3;IXH6;ISH2;IEL4;ISL5;IEH1
15;ISL6;ISH3;IEH2;IXL4;IEL5;IXH1;MXH5;MEL1;MXL2;MEH4;MSH6;MSL3
16;MSH1;MXL3;MSL4;MXH6;MEH5;MEL2;IEL6;IEH3;IXH2;ISL1;IXL5;ISH4
17;IXL6;IXH3;ISH5;IEL1;ISL2;IEH4;MEH6;MSL5;MEL3;MSH2;MXH1;MXL4
18;MXH2;MEL4;MXL5;MEH1;MSH3;MSL6;ISL3;ISH6;IEH5;IXL1;IEL2;IXH4
19;IEL4;IEH1;IXH6;ISL5;IXL3;ISH2;MSH5;MXL1;MSL2;MXH4;MEH3;MEL6
20;MEH4;MSL3;MEL1;MSH6;MXH5;MXL2;IXL4;IXH1;ISH3;IEL5;ISL6;IEH2
21;ISL1;ISH4;IEH3;IXL5;IEL6;IXH2;MXH6;MEL2;MXL3;MEH5;MSH1;MSL4
22;MSH2;MXL4;MSL5;MXH1;MEH6;MEL3;IEL1;IEH4;IXH3;ISL2;IXL6;ISH5
23;IXL1;IXH4;ISH6;IEL2;ISL3;IEH5;MEH1;MSL6;MEL4;MSH3;MXH2;MXL5
24;MXH3;MEL5;MXL6;MEH2;MSH4;MSL1;ISL4;ISH1;IEH6;IXL2;IEL3;IXH5
